Ali Yılmaz;13547924610;05321234567;2022-01-10
Ayşe Demir;13547924611;05431234567;2023-02-15
Mehmet Kaya;13547924612;05531234567;2021-03-22
Fatma Aksoy;13547924613;05321234568;2023-04-08
Kerem Başar;13547924614;05531234568;2021-05-19
Burcu Şahin;13547924615;05331234567;2022-06-12
Deniz Çelik;13547924616;05441234567;2023-07-26
Zeynep Gül;13547924617;05321234569;2022-08-03
Okan Doğan;13547924618;05351234567;2021-09-28
Ece Aslan;13547924619;05321234570;2024-10-14
Gizem Sarı;13547924620;05451234567;2022-11-04
Cem Uçar;13547924621;05321234571;2024-12-09
İlayda Aydın;13547924622;05461234567;2022-01-23
Berk Güneş;13547924623;05541234567;2021-02-12
Esra Polat;13547924624;05321234572;2023-03-01
Mert Uzun;13547924625;05551234567;2022-04-15
Elif Akın;13547924626;05321234573;2022-05-27
Emre Kar;13547924627;05471234567;2021-06-17
Hande Yiğit;13547924628;05321234574;2022-07-05
Duygu Baran;13547924629;05381234567;2024-08-23
Tolga Er;13547924630;05321234575;2022-09-07
Selin Ersoy;13547924631;05481234567;2021-10-29
Buse Bal;13547924632;05321234576;2022-11-18
Kadir Sevim;13547924633;05561234567;2021-12-25
Sena Tekin;13547924634;05321234577;2024-01-31
Yiğit Kurt;13547924635;05391234567;2023-02-13
Gülsüm Avcı;13547924636;05321234578;2021-03-17
Oğuzhan Şen;13547924637;05311234567;2022-04-22
Melis Gök;13547924638;05491234567;2023-05-28
Yasin Pek;13547924639;05321234579;2023-06-14
İrem Tosun;13547924640;05571234567;2022-07-21
Özge Akbaş;13547924641;05321234580;2021-08-08
Baran Dede;13547924642;05611234567;2022-09-15
Hazal Ekin;13547924643;05321234581;2023-10-20
Tunahan Acar;13547924644;05411234567;2021-11-27
Eylül Bay;13547924645;05321234582;2024-12-06
Sibel Gün;13547924646;05581234567;2022-01-19
Kaan Ege;13547924647;05321234583;2023-02-25
Hilal Öz;13547924648;05321234584;2023-03-30
Cihan Nur;13547924649;05321234585;2021-04-11
Serhat İleri;13547924650;05321234586;2023-05-04
Ekin Bora;13547924651;05321234587;2024-06-17
Defne Yurt;13547924652;05321234588;2022-07-29
Ufuk Yazıcı;13547924653;05321234589;2021-08-10
Batuhan Tamer;13547924655;05321234591;2023-10-13
Cansu Bilge;13547924656;05321234592;2022-11-28
Sude Al;13547924657;05321234593;2021-12-08
Barış Öz;13547924658;05321234594;2023-01-16
Sinem Gür;13547924659;05321234595;2024-02-19
Veli Şimşek;13547924660;05321234596;2022-03-21
Yasemin Duru;13547924661;05321234597;2022-04-22
Serkan Arda;13547924662;05321234598;2021-05-23
Berkay Tufan;13547924663;05321234599;2022-06-04
Sena Eser;13547924664;05321234600;2023-07-15
Süleyman Koç;13547924665;05321234601;2022-08-16
Eylül Kuş;13547924666;05321234602;2021-09-26
Kerem Can;13547924667;05321234603;2022-10-06
Pınar Kılıç;13547924668;05321234604;2023-11-12
Büşra Aydın;13547924669;05321234605;2022-12-25
Hüseyin Er;13547924670;05321234606;2021-01-03
Seda Fidan;13547924671;05321234607;2022-02-07
Gökhan Demir;13547924672;05321234608;2023-03-15
Lale Uz;13547924673;05321234609;2022-04-22
Şule Yavuz;13547924674;05321234610;2021-05-30
Enes Yıldız;13547924675;05321234611;2022-06-16
Gizem Tetik;13547924676;05321234612;2023-07-31
Doğukan Kar;13547924677;05321234613;2022-08-21
Melike Efe;13547924678;05321234614;2021-09-10
Hasan Gök;13547924679;05321234615;2022-10-13
Elifcan Ak;13547924680;05321234616;2023-11-04
Simge Tan;13547924681;05321234617;2022-12-17
Caner Şen;13547924682;05321234618;2021-01-28
Burak Kıvanç;13547924683;05321234619;2022-02-19
Rabia Derin;13547924684;05321234620;2023-03-24
Meriç Sarp;13547924685;05321234621;2022-04-29
Derya Baş;13547924686;05321234622;2021-05-18
Asuman Pelin;13547924687;05321234623;2022-06-23
İlker Gün;13547924688;05321234624;2023-07-10
Sanem Taş;13547924689;05321234625;2022-08-14
Tuna Bay;13547924690;05321234626;2021-09-19
Sevgi Akyol;13547924691;05321234627;2022-10-25
İlknur Gül;13547924692;05321234628;2023-11-29
Murat Arı;13547924693;05321234629;2022-12-09
Betül Ak;13547924694;05321234630;2021-01-16
Eren Arslan;13547924695;05321234631;2022-02-11
İdil Duran;13547924696;05321234632;2023-03-28
Utku Dağ;13547924697;05321234633;2022-04-13
Muzaffer Şen;13547924698;05321234634;2021-05-07
Beyza Doğan;13547924699;05321234635;2022-06-18
kemal tarık Arıcıoğlu;12345678910;0544874585;2025-06-05 23:13:52
