Ali Yılmaz;13547924610;2024-02-05;2024-03-07;9789944822852
Fatma Aksoy;13547924613;2024-03-12;2024-04-11;9789753168153
Kerem Başar;13547924614;2024-01-18;2024-02-17;9789754945548
Baran Dede;13547924642;2024-04-01;2024-05-01;9786050910087
Buse Bal;13547924632;2024-03-03;2024-04-02;9786050903096
Eylül Bay;13547924645;2024-04-08;2024-05-08;9786050910087
İlayda Aydın;13547924622;2023-10-21;2023-11-20;9786050910087
Yasin Pek;13547924639;2024-02-12;2024-03-14;9786050903096
Defne Yurt;13547924652;2023-11-05;2023-12-05;9786050910087
Sena Eser;13547924664;2024-05-01;2024-05-31;9786050903096
Cihan Nur;13547924649;2023-10-27;2023-11-26;9789754945548
Hilal Öz;13547924648;2023-09-14;2023-10-14;9786050910087
Tunahan Acar;13547924644;2024-02-23;2024-03-25;9786050903096
Rabia Derin;13547924684;2024-03-20;2024-04-19;9786050910087
Melis Gök;13547924638;2024-01-09;2024-02-08;9786050910087
Sinem Gür;13547924659;2024-03-15;2024-04-14;9789944822852
Berk Güneş;13547924623;2023-08-29;2023-09-28;9786050910087
